title,description,link,pubDate,Processed Date,Processed Time,Sentiment,Summary
Benchmark Announces Appointment of Chuck Swoboda to Board of Directors,"TEMPE, Ariz.--(BUSINESS WIRE)--Benchmark Electronics, Inc. (NYSE: BHE), a global provider of engineering, design, and manufacturing services, today announced the appointment of Charles “Chuck” Swoboda to its Board of Directors. Mr. Swoboda brings over three decades of leadership in technology, innovation, and manufacturing experience to Benchmark’s Board. He is the former Chairman and CEO of Cree, Inc., where he led the transformation of the company from a $177 million R&D-focused business",https://www.businesswire.com/news/home/20250804179838/en/Benchmark-Announces-Appointment-of-Chuck-Swoboda-to-Board-of-Directors,2025-08-04 20:07:00,2025-08-05,13:41:11,NEUTRAL,"TEMPE, Ariz.--(BUSINESS WIRE)--Benchmark Electronics, Inc. (NYSE: BHE), a global provider of engineering, design, and manufacturing services, today announced the appointment of Charles “Chuck” Swoboda..."
Ozak AI Presale Hits $1.5M+—Will It Be the Top Performer of 2025?,"Ozak AI presale crosses $1.5M, gaining investor buzz with strong tokenomics, AI integration, and confirmed exchange listings ahead of the 2025 bull run.",https://www.analyticsinsight.net/cryptocurrency-analytics-insight/ozak-ai-presale-hits-15mwill-it-be-the-top-performer-of-2025,2025-08-04 19:30:00,2025-08-05,13:41:11,NEUTRAL,"Ozak AI presale crosses $1.5M, gaining investor buzz with strong tokenomics, AI integration, and confirmed exchange listings ahead of the 2025 bull run...."
Top 10 Cryptocurrencies to Invest in August 2025,"Explore the top cryptocurrencies in August 2025 with strong potential. From Bitcoin to new altcoins, discover the best crypto investments during shifting cryptocurrency market trends.",https://www.analyticsinsight.net/cryptocurrency-analytics-insight/top-10-cryptocurrencies-to-invest-in-august-2025,2025-08-04 19:00:00,2025-08-05,13:41:11,NEUTRAL,"Explore the top cryptocurrencies in August 2025 with strong potential. From Bitcoin to new altcoins, discover the best crypto investments during shifting cryptocurrency market trends...."
Reddit Accelerates Innovation and Slashes Build Times with Buildkite,"SAN FRANCISCO--(BUSINESS WIRE)-- #Buildkite--Buildkite Pty Ltd., a leader in scalable software delivery solutions, today announced that Reddit, one of the world’s largest online communities with more than over 400M weekly active users, has successfully migrated its mobile continuous integration and delivery (CI/CD) pipelines to Buildkite, dramatically improving build performance, reliability, and developer autonomy across its mobile engineering organization. By adopting Buildkite’s high-performance hosted a",https://www.businesswire.com/news/home/20250804398556/en/Reddit-Accelerates-Innovation-and-Slashes-Build-Times-with-Buildkite,2025-08-04 19:00:00,2025-08-05,13:41:11,NEUTRAL,"SAN FRANCISCO--(BUSINESS WIRE)-- #Buildkite--Buildkite Pty Ltd., a leader in scalable software delivery solutions, today announced that Reddit, one of the world’s largest online communities with more ..."
"Joby's $125M Blade acquisition boosts air taxi launch plans, secures key urban terminals","A strategic move in the aviation industry sees two innovative companies joining forces, potentially accelerating the timeline for commercial air taxi services.",https://biztoc.com/x/905fe5ba3e581229,2025-08-04 18:46:08,2025-08-05,13:41:11,NEUTRAL,"A strategic move in the aviation industry sees two innovative companies joining forces, potentially accelerating the timeline for commercial air taxi services...."
S&S welcomes new litigator,"The growth of Saxton & Stump’s Charleston office continues with the addition of experienced trial attorney and litigator Cody J. Groeber as a shareholder in the firm. Groeber joins the law firm’s Investigations and Criminal Defense and Commercial Litigation groups,...",https://www.postandcourier.com/moultrie-news/news/ss-welcomes-new-litigator/article_8e3bc3b2-5447-4537-975f-8080b043c19c.html,2025-08-04 18:45:00,2025-08-05,13:41:11,NEUTRAL,The growth of Saxton & Stump’s Charleston office continues with the addition of experienced trial attorney and litigator Cody J. Groeber as a shareholder in the firm. Groeber joins the law firm’s Inve...
The Digital Phoenix Effect: Platforms Improving Legacy Businesses,Traditional companies are building internal multi-sided platforms to solve recurring business problems.,https://www.forbes.com/sites/tedladd/2025/08/04/the-digital-phoenix-effect-platforms-improving-legacy-businesses/,2025-08-04 18:44:03,2025-08-05,13:41:11,NEUTRAL,Traditional companies are building internal multi-sided platforms to solve recurring business problems....
"Vanguard’s first ‘outsider’ boss looks to innovate with AI, private investments","Vanguard Group has added more than $1 trillion in customer assets, from stock-market gains and new investments, since Salim Ramji was named the first outsider to run the 50-year-old, Malvern, Pennsylvania-based investment giant last year.But that kind of growth isn’t unusual at Vanguard, which...",https://biztoc.com/x/3e7af3b1836d88ba,2025-08-04 18:34:35,2025-08-05,13:41:11,NEUTRAL,"Vanguard Group has added more than $1 trillion in customer assets, from stock-market gains and new investments, since Salim Ramji was named the first outsider to run the 50-year-old, Malvern, Pennsylv..."
Apple’s iOS 18.6: Why You Should Update Your iPhone Today,"Apple is rolling out the iOS 18.6 update, which includes major iPhone security updates and more innovative Siri improvements.",https://www.analyticsinsight.net/ampstories/tech-news/apples-ios-186-why-you-should-update-your-iphone-today,2025-08-04 18:30:00,2025-08-05,13:41:11,NEUTRAL,"Apple is rolling out the iOS 18.6 update, which includes major iPhone security updates and more innovative Siri improvements...."
Funeral Homes Are Using ChatGPT to Churn Out Lazy Obituaries,"Funeral companies and grieving families are turning to AI chatbots to cough up obituaries for the recently deceased, the Washington Post reports, in yet another example of how the tech is being used to automate even the most emotionally charged parts of the human experience. One bellwether of the AI's rise in the death care industry was last year's National Funeral Directors Association conference in Las Vegas, where it was apparently the talk of the town, according to Ryan Lynch, head of product at the cemetery software developer PlotBox. ""Someone did stand up and say they thought it was the [...]",https://futurism.com/funeral-homes-chatgpt-obituaries,2025-08-04 18:24:12,2025-08-05,13:41:11,NEUTRAL,"Funeral companies and grieving families are turning to AI chatbots to cough up obituaries for the recently deceased, the Washington Post reports, in yet another example of how the tech is being used t..."
